T1,T2,T3,Cumulative CO2 emissions,Atmos Carbon 1,Atmos Carbon 2,Atmos Carbon 3,Atmos Carbon 4,Cumulative CO2 AFOLU emissions,Cumulative CH4 emissions,Atmos CH4,Atmos N2O,Cumulative N2O Emissions
0.444397957972,0.291342361736,0.111822382118,1128941.22245,245318.874581,165572.055271,56249.0602882,8050.57333601,518024.59425,18327.1204877,2393.65942187,260203.985255,369316.190142
