C1,C2,C3,CO2 Conc 1750,epsilon,kappa1,kappa2,kappa3,beta ACI,s SO2 ACI,SO2 ARI Efficiency,iirf airborne CO2,iirf temperature CO2,iirf uptake CO2,iirf0 CO2,scale CH4,scale N2O,"scale CFCs, F-gases",scale CH4 Strat Water Vapour,scale BC Snow,scale Land use,scale Volcanic,scale CO2,scale ozone,solar_amplitude,solar_trend
4.146865203497009,15.411721869669874,81.2010914577786,278.21413741970935,1.287629924151802,1.2979395512232157,2.613615907221136,0.8851124433777737,-0.933089878683607,0.0132544315900094,-0.0025049754622963,0.0019156548426605,2.204209691569154,0.0032800604147575,33.43770551037135,1.001504162805492,0.9979542097833288,0.9942145457212678,0.9865324908746108,1.034059643999241,0.987159719359484,1.001999141453655,1.0201866437055054,1.005855777227842,1.0101539720810762,0.0013106218825265
