,Climate Units.selected climate case[1],Finance.sensitivity of effect of sta on failure rate[1]
Run 1,1,0.6
Run 2,2,0.6546875
Run 3,94,0.58046875
Run 4,28,0.62734375
Run 5,23,0.683984375
Run 6,28,0.621484375
Run 7,49,0.590234375
Run 8,2,0.562890625
Run 9,80,0.601953125
Run 10,1,0.570703125
Run 11,28,0.618554688
Run 12,80,0.657617188
Run 13,23,0.599023438
Run 14,28,0.536523438
Run 15,95,0.589257813