,Climate Units.selected climate case[1],Finance.sensitivity of effect of sta on failure rate[1]
Run 1,100,0.6
Run 2,61,0.6546875
Run 3,18,0.58046875
Run 4,32,0.62734375
Run 5,45,0.683984375
Run 6,68,0.621484375
Run 7,24,0.590234375
Run 8,2,0.562890625
Run 9,34,0.601953125
Run 10,28,0.570703125
Run 11,98,0.618554688
Run 12,69,0.657617188
Run 13,73,0.599023438
Run 14,27,0.536523438
Run 15,51,0.589257813
