,Climate Units.selected climate case[1],Finance.sensitivity of effect of sta on failure rate[1]
Run 1,17,0.603125
Run 2,23,0.565625
Run 3,37,0.7203125
Run 4,3,0.700390625
Run 5,27,0.620703125
Run 6,3,0.716210938
Run 7,23,0.589941406
Run 8,3,0.770410156
Run 9,17,0.615722656
Run 10,23,0.611621094
Run 11,37,0.698339844
Run 12,3,0.746386719
Run 13,27,0.605761719
Run 14,85,0.584667969