Climate Units.selected climate case,Finance.sensitivity of effect of sta on failure rate
1,0.6
2,0.6546875
94,0.58046875
28,0.62734375
23,0.683984375
28,0.621484375
49,0.590234375
2,0.562890625
80,0.601953125
1,0.570703125
28,0.618554688
80,0.657617188
23,0.599023438
28,0.536523438
95,0.589257813