Climate Units.selected climate case,Finance.sensitivity of effect of sta on failure rate
17,0.603125
23,0.565625
37,0.7203125
3,0.700390625
27,0.620703125
3,0.716210938
23,0.589941406
3,0.770410156
17,0.615722656
23,0.611621094
37,0.698339844
3,0.746386719
27,0.605761719
85,0.584667969