Climate Units.selected climate case,Finance.sensitivity of effect of sta on failure rate
1,0.600000000
2,0.654687500
94,0.580468750
28,0.627343750
23,0.683984375
28,0.621484375
49,0.590234375
2,0.562890625
80,0.601953125
1,0.570703125
28,0.618554688
80,0.657617188
23,0.599023438
28,0.536523438
95,0.589257813